framework_section,design_statement,authority,edition,locator,binding_status,official_url,notes
Purpose and principles,"Integrate cybersecurity risk with enterprise objectives and organization-wide risk management",NIST,NIST CSF 2.0,"CSF Core: Govern; CSF 2.0 Sections 2-3",Voluntary framework,https://doi.org/10.6028/NIST.CSWP.29,"Tailor outcomes to organizational context"
Governance structure,"Establish roles responsibilities authorities and accountability for risk decisions",NIST,NIST SP 800-37 Rev. 2,"Chapter 2; Chapter 3 Prepare tasks; Appendix A",Federal guidance / voluntary outside scope,https://doi.org/10.6028/NIST.SP.800-37r2,"Role titles and delegations remain organization-defined"
Governance lifecycle,"Use a structured lifecycle for preparation categorization selection implementation assessment authorization and monitoring",NIST,NIST SP 800-37 Rev. 2,"Chapter 3 RMF steps and tasks",Federal guidance / voluntary outside scope,https://doi.org/10.6028/NIST.SP.800-37r2,"Authorization model must be tailored to applicability"
Controls and assurance,"Select tailor implement assess and monitor security and privacy controls",NIST,NIST SP 800-53 Rev. 5 Release 5.2.0,"Chapter 2; Chapter 3; PM CA and RA families",Federal control catalog / voluntary outside scope,https://csrc.nist.gov/pubs/sp/800/53/r5/upd1/final,"Crosswalks do not by themselves establish equivalence"
Incident governance,"Integrate incident preparation detection response and recovery into cybersecurity risk management",NIST,NIST SP 800-61 Rev. 3,"Section 2; Appendix A CSF 2.0 Community Profile",Voluntary guidance,https://doi.org/10.6028/NIST.SP.800-61r3,"Materiality and legal notification require applicable authority"
Supplier governance,"Include cybersecurity supply chain risk in organization-wide governance and system risk management",NIST,NIST SP 800-161 Rev. 1 Update 1,"Chapters 2-3 and appendices",Federal guidance / voluntary outside scope,https://doi.org/10.6028/NIST.SP.800-161r1-upd1,"Contract and sector requirements may add binding duties"
Healthcare applicability,"Maintain administrative physical and technical safeguards plus policy and documentation requirements for ePHI where HIPAA applies",HHS/eCFR,45 CFR Part 164,"45 CFR 164.308 164.310 164.312 164.314 and 164.316",Binding for covered entities and business associates,https://www.ecfr.gov/current/title-45/subtitle-A/subchapter-C/part-164,"Obtain legal interpretation for applicability"
Public-company disclosure,"Provide governance and risk disclosures and address material cybersecurity incident disclosure where SEC rules apply",SEC,"Release 33-11216; 34-97989","Regulation S-K Item 106; Form 8-K Item 1.05",Binding for covered issuers,https://www.sec.gov/rules-regulations/2023/07/s7-09-22,"Materiality decisions require qualified legal and disclosure governance"
Metrics and reporting,"Use decision-relevant monitoring information to support risk decisions and continual improvement",NIST,NIST CSF 2.0 and SP 800-37 Rev. 2,"CSF Govern and Identify outcomes; RMF Monitor tasks",Voluntary / applicability-dependent,https://doi.org/10.6028/NIST.CSWP.29,"Specific metrics and thresholds are organization-defined"
